{
  "track": "synthetic",
  "n_samples": 20000,
  "n_features": 21,
  "n_classes": 2,
  "class_distribution": {
    "0": 0.9512,
    "1": 0.0488
  },
  "cv_strategy": "StratifiedGroupKFold",
  "n_groups": 200,
  "cross_validation": {
    "average_precision": {
      "mean": 0.29057110179790674,
      "std": 0.07202208321249169
    },
    "roc_auc": {
      "mean": 0.7989951890868199,
      "std": 0.014924915013492674
    },
    "recall": {
      "mean": 0.5991609723858832,
      "std": 0.02329019203460343
    },
    "f1": {
      "mean": 0.2990843449969945,
      "std": 0.03660640053472905
    }
  },
  "reference_points": {
    "chance": {
      "average_precision": 0.0488,
      "roc_auc": 0.5
    },
    "rule_score": {
      "average_precision": 0.2869990971189491,
      "roc_auc": 0.8295741509430712
    }
  },
  "lift_over_rules": 0.012446048488707229,
  "holdout_report": {
    "0": {
      "precision": 0.9772727272727273,
      "recall": 0.866073764059639,
      "f1-score": 0.9183192345028429,
      "support": 3823.0
    },
    "1": {
      "precision": 0.16339869281045752,
      "recall": 0.5649717514124294,
      "f1-score": 0.2534854245880862,
      "support": 177.0
    },
    "accuracy": 0.85275,
    "macro avg": {
      "precision": 0.5703357100415924,
      "recall": 0.7155227577360341,
      "f1-score": 0.5859023295454646,
      "support": 4000.0
    },
    "weighted avg": {
      "precision": 0.9412588012477718,
      "recall": 0.85275,
      "f1-score": 0.8889003384141149,
      "support": 4000.0
    }
  }
}