{
  "track": "synthetic",
  "model": "logistic_regression",
  "tuned": true,
  "calibrated": true,
  "n_samples": 20000,
  "n_features": 21,
  "positive_rate": 0.0488,
  "cv_strategy": "StratifiedGroupKFold",
  "n_groups": 200,
  "cross_validation": {
    "average_precision": {
      "mean": 0.3672656661370769,
      "std": 0.032437648046737634
    },
    "roc_auc": {
      "mean": 0.8419196651633319,
      "std": 0.011639116699355693
    },
    "recall": {
      "mean": 0.6991903889495708,
      "std": 0.014705330521426477
    },
    "f1": {
      "mean": 0.3177024676645336,
      "std": 0.031538191273864744
    }
  },
  "reference_points": {
    "chance": {
      "average_precision": 0.0488,
      "roc_auc": 0.5
    },
    "rule_score": {
      "average_precision": 0.2869990971189491,
      "roc_auc": 0.8295741509430712
    }
  },
  "lift_over_rules": 0.27967533634734965,
  "out_of_fold": {
    "average_precision": 0.35065577484214466,
    "roc_auc": 0.8396914133053675
  },
  "reliability": {
    "brier_uncalibrated": 0.1321270573591522,
    "brier_calibrated": 0.036415531359599844,
    "mean_predicted_uncalibrated": 0.3235738462175626,
    "mean_predicted_calibrated": 0.04923219486407466,
    "actual_rate": 0.0488
  },
  "operating_point": {
    "threshold": 0.10552763819095477,
    "expected_cost": 5174.0,
    "recall": 0.5901639344262295,
    "precision": 0.3291428571428571,
    "false_positives": 1174,
    "false_negatives": 400,
    "alert_rate": 0.0875
  },
  "cost_ratio": 10.0
}