{
  "track": "real",
  "n_samples": 600,
  "n_features": 15,
  "n_classes": 2,
  "class_distribution": {
    "0": 0.685,
    "1": 0.315
  },
  "cross_validation": {
    "f1_macro": {
      "mean": 0.9227080501298293,
      "std": 0.033388765834787434
    },
    "recall_macro": {
      "mean": 0.9314321017895264,
      "std": 0.02961876431721246
    },
    "roc_auc": {
      "mean": 0.9586484856262297,
      "std": 0.024991248805273106
    }
  },
  "holdout_report": {
    "0": {
      "precision": 0.9411764705882353,
      "recall": 0.975609756097561,
      "f1-score": 0.9580838323353293,
      "support": 82.0
    },
    "1": {
      "precision": 0.9428571428571428,
      "recall": 0.868421052631579,
      "f1-score": 0.9041095890410958,
      "support": 38.0
    },
    "accuracy": 0.9416666666666667,
    "macro avg": {
      "precision": 0.9420168067226891,
      "recall": 0.92201540436457,
      "f1-score": 0.9310967106882126,
      "support": 120.0
    },
    "weighted avg": {
      "precision": 0.9417086834733894,
      "recall": 0.9416666666666667,
      "f1-score": 0.9409919886254888,
      "support": 120.0
    }
  }
}