{
  "track": "real",
  "n_samples": 600,
  "n_features": 15,
  "n_classes": 2,
  "class_distribution": {
    "0": 0.685,
    "1": 0.315
  },
  "cv_strategy": "StratifiedKFold",
  "n_groups": null,
  "cross_validation": {
    "f1_macro": {
      "mean": 0.9227080501298293,
      "std": 0.033388765834787434
    },
    "recall_macro": {
      "mean": 0.9314321017895264,
      "std": 0.02961876431721246
    },
    "roc_auc": {
      "mean": 0.9586484856262297,
      "std": 0.024991248805273106
    }
  },
  "holdout_report": {
    "0": {
      "precision": 0.9512195121951219,
      "recall": 0.9397590361445783,
      "f1-score": 0.9454545454545454,
      "support": 83.0
    },
    "1": {
      "precision": 0.868421052631579,
      "recall": 0.8918918918918919,
      "f1-score": 0.88,
      "support": 37.0
    },
    "accuracy": 0.925,
    "macro avg": {
      "precision": 0.9098202824133504,
      "recall": 0.9158254640182351,
      "f1-score": 0.9127272727272727,
      "support": 120.0
    },
    "weighted avg": {
      "precision": 0.9256899871630295,
      "recall": 0.925,
      "f1-score": 0.9252727272727272,
      "support": 120.0
    }
  }
}