{
  "track": "real",
  "model": "random_forest",
  "tuned": true,
  "calibrated": true,
  "n_samples": 600,
  "n_features": 15,
  "positive_rate": 0.315,
  "cv_strategy": "StratifiedKFold",
  "n_groups": null,
  "cross_validation": {
    "average_precision": {
      "mean": 0.9569595259502364,
      "std": 0.0399898291834037
    },
    "roc_auc": {
      "mean": 0.9706594026942172,
      "std": 0.02047237789363657
    },
    "recall": {
      "mean": 0.9469416785206259,
      "std": 0.03363364106092556
    },
    "f1": {
      "mean": 0.9359795342318071,
      "std": 0.04938251245920093
    }
  },
  "reference_points": {
    "chance": {
      "average_precision": 0.315,
      "roc_auc": 0.5
    }
  },
  "lift_over_rules": null,
  "out_of_fold": {
    "average_precision": 0.9049869381388495,
    "roc_auc": 0.9604655054776708
  },
  "operating_point": {
    "threshold": 0.2562814070351759,
    "expected_cost": 119.0,
    "recall": 0.9470899470899471,
    "precision": 0.9040404040404041,
    "false_positives": 19,
    "false_negatives": 10,
    "alert_rate": 0.33
  },
  "cost_ratio": 10.0
}