{
  "track": "synthetic",
  "n_samples": 8000,
  "n_features": 18,
  "n_classes": 3,
  "class_distribution": {
    "0": 0.697,
    "1": 0.2212,
    "2": 0.0818
  },
  "cv_strategy": "StratifiedGroupKFold",
  "n_groups": 200,
  "cross_validation": {
    "f1_macro": {
      "mean": 0.5531423230379104,
      "std": 0.015966584036522315
    },
    "recall_macro": {
      "mean": 0.6056362739372724,
      "std": 0.023592137704679265
    },
    "roc_auc": {
      "mean": 0.7826316317377572,
      "std": 0.016089841403884003
    }
  },
  "holdout_report": {
    "0": {
      "precision": 0.8714285714285714,
      "recall": 0.7308755760368664,
      "f1-score": 0.7949874686716792,
      "support": 1085.0
    },
    "1": {
      "precision": 0.3627684964200477,
      "recall": 0.4367816091954023,
      "f1-score": 0.3963494132985658,
      "support": 348.0
    },
    "2": {
      "precision": 0.4155844155844156,
      "recall": 0.7559055118110236,
      "f1-score": 0.5363128491620112,
      "support": 127.0
    },
    "accuracy": 0.6673076923076923,
    "macro avg": {
      "precision": 0.5499271611443449,
      "recall": 0.6411875656810975,
      "f1-score": 0.5758832437107521,
      "support": 1560.0
    },
    "weighted avg": {
      "precision": 0.7208478573932036,
      "recall": 0.6673076923076923,
      "f1-score": 0.6850017507565694,
      "support": 1560.0
    }
  }
}