{
  "track": "synthetic",
  "n_samples": 8000,
  "n_features": 18,
  "n_classes": 3,
  "class_distribution": {
    "0": 0.697,
    "1": 0.2212,
    "2": 0.0818
  },
  "cross_validation": {
    "f1_macro": {
      "mean": 0.5691695579578677,
      "std": 0.014729138739740457
    },
    "recall_macro": {
      "mean": 0.6207352748883558,
      "std": 0.017967083287464707
    },
    "roc_auc": {
      "mean": 0.8046178831647213,
      "std": 0.0090999766703349
    }
  },
  "holdout_report": {
    "0": {
      "precision": 0.8658922914466737,
      "recall": 0.7354260089686099,
      "f1-score": 0.7953443258971872,
      "support": 1115.0
    },
    "1": {
      "precision": 0.36199095022624433,
      "recall": 0.4519774011299435,
      "f1-score": 0.4020100502512563,
      "support": 354.0
    },
    "2": {
      "precision": 0.41706161137440756,
      "recall": 0.6717557251908397,
      "f1-score": 0.5146198830409356,
      "support": 131.0
    },
    "accuracy": 0.6675,
    "macro avg": {
      "precision": 0.5483149510157751,
      "recall": 0.619719711763131,
      "f1-score": 0.5706580863964598,
      "support": 1600.0
    },
    "weighted avg": {
      "precision": 0.7176561077707369,
      "recall": 0.6675,
      "f1-score": 0.6853348036516695,
      "support": 1600.0
    }
  }
}